[
    {
        "user_id": "1052",
        "ip_address": "::1",
        "user_agent": "Mozilla\/5.0 (Windows NT 10.0; Win64; x64) AppleWebKit\/537.36 (KHTML, like Gecko) Chrome\/135.0.0.0 Safari\/537.36",
        "access_time": "2025-04-17T07:14:06+02:00",
        "url": "\/stdcare\/logout.php",
        "method": "GET",
        "status_code": 200,
        "referrer": "http:\/\/localhost\/stdcare\/teacher\/index.php",
        "action_type": "logout",
        "session_id": "dajf22slb9eeh4emm1dtjgn2ta",
        "message": "Logout successful"
    },
    {
        "user_id": "1052",
        "ip_address": "::1",
        "user_agent": "Mozilla\/5.0 (Windows NT 10.0; Win64; x64) AppleWebKit\/537.36 (KHTML, like Gecko) Chrome\/135.0.0.0 Safari\/537.36",
        "access_time": "2025-04-17T08:37:58+02:00",
        "url": "\/stdcare\/logout.php",
        "method": "GET",
        "status_code": 200,
        "referrer": "http:\/\/localhost\/stdcare\/teacher\/index.php",
        "action_type": "logout",
        "session_id": "dajf22slb9eeh4emm1dtjgn2ta",
        "message": "Logout successful"
    },
    {
        "user_id": "1052",
        "ip_address": "::1",
        "user_agent": "Mozilla\/5.0 (Windows NT 10.0; Win64; x64) AppleWebKit\/537.36 (KHTML, like Gecko) Chrome\/135.0.0.0 Safari\/537.36",
        "access_time": "2025-04-17T12:32:14+02:00",
        "url": "\/stdcare\/logout.php",
        "method": "GET",
        "status_code": 200,
        "referrer": "http:\/\/localhost\/stdcare\/teacher\/sdq.php",
        "action_type": "logout",
        "session_id": "dajf22slb9eeh4emm1dtjgn2ta",
        "message": "Logout successful"
    },
    {
        "user_id": "1052",
        "ip_address": "::1",
        "user_agent": "Mozilla\/5.0 (Windows NT 10.0; Win64; x64) AppleWebKit\/537.36 (KHTML, like Gecko) Chrome\/135.0.0.0 Safari\/537.36",
        "access_time": "2025-04-25T04:53:39+02:00",
        "url": "\/stdcare\/logout.php",
        "method": "GET",
        "status_code": 200,
        "referrer": "http:\/\/localhost\/stdcare\/teacher\/index.php",
        "action_type": "logout",
        "session_id": "jpjo6g1oir4qrljm44i5cj390g",
        "message": "Logout successful"
    },
    {
        "user_id": "1052",
        "ip_address": "::1",
        "user_agent": "Mozilla\/5.0 (Windows NT 10.0; Win64; x64) AppleWebKit\/537.36 (KHTML, like Gecko) Chrome\/135.0.0.0 Safari\/537.36",
        "access_time": "2025-04-25T13:12:59+02:00",
        "url": "\/stdcare\/logout.php",
        "method": "GET",
        "status_code": 200,
        "referrer": "http:\/\/localhost\/stdcare\/teacher\/report_wroom2.php",
        "action_type": "logout",
        "session_id": "jpjo6g1oir4qrljm44i5cj390g",
        "message": "Logout successful"
    },
    {
        "user_id": "726",
        "ip_address": "::1",
        "user_agent": "Mozilla\/5.0 (Windows NT 10.0; Win64; x64) AppleWebKit\/537.36 (KHTML, like Gecko) Chrome\/135.0.0.0 Safari\/537.36",
        "access_time": "2025-04-25T13:14:53+02:00",
        "url": "\/stdcare\/logout.php",
        "method": "GET",
        "status_code": 200,
        "referrer": "http:\/\/localhost\/stdcare\/teacher\/report_wroom2.php",
        "action_type": "logout",
        "session_id": "jpjo6g1oir4qrljm44i5cj390g",
        "message": "Logout successful"
    },
    {
        "user_id": "1052",
        "ip_address": "::1",
        "user_agent": "Mozilla\/5.0 (Windows NT 10.0; Win64; x64) AppleWebKit\/537.36 (KHTML, like Gecko) Chrome\/135.0.0.0 Safari\/537.36",
        "access_time": "2025-04-26T03:29:49+02:00",
        "url": "\/stdcare\/logout.php",
        "method": "GET",
        "status_code": 200,
        "referrer": "http:\/\/localhost\/stdcare\/teacher\/report.php",
        "action_type": "logout",
        "session_id": "jpjo6g1oir4qrljm44i5cj390g",
        "message": "Logout successful"
    },
    {
        "user_id": "26479",
        "ip_address": "::1",
        "user_agent": "Mozilla\/5.0 (Windows NT 10.0; Win64; x64) AppleWebKit\/537.36 (KHTML, like Gecko) Chrome\/135.0.0.0 Safari\/537.36",
        "access_time": "2025-04-26T03:36:36+02:00",
        "url": "\/stdcare\/logout.php",
        "method": "GET",
        "status_code": 200,
        "referrer": null,
        "action_type": "logout",
        "session_id": "jpjo6g1oir4qrljm44i5cj390g",
        "message": "Logout successful"
    },
    {
        "user_id": "1052",
        "ip_address": "::1",
        "user_agent": "Mozilla\/5.0 (Windows NT 10.0; Win64; x64) AppleWebKit\/537.36 (KHTML, like Gecko) Chrome\/135.0.0.0 Safari\/537.36",
        "access_time": "2025-04-26T03:37:51+02:00",
        "url": "\/stdcare\/logout.php",
        "method": "GET",
        "status_code": 200,
        "referrer": "http:\/\/localhost\/stdcare\/teacher\/index.php",
        "action_type": "logout",
        "session_id": "jpjo6g1oir4qrljm44i5cj390g",
        "message": "Logout successful"
    },
    {
        "user_id": "26479",
        "ip_address": "::1",
        "user_agent": "Mozilla\/5.0 (Windows NT 10.0; Win64; x64) AppleWebKit\/537.36 (KHTML, like Gecko) Chrome\/135.0.0.0 Safari\/537.36",
        "access_time": "2025-04-26T03:39:56+02:00",
        "url": "\/stdcare\/logout.php",
        "method": "GET",
        "status_code": 200,
        "referrer": null,
        "action_type": "logout",
        "session_id": "jpjo6g1oir4qrljm44i5cj390g",
        "message": "Logout successful"
    },
    {
        "user_id": "26479",
        "ip_address": "::1",
        "user_agent": "Mozilla\/5.0 (Windows NT 10.0; Win64; x64) AppleWebKit\/537.36 (KHTML, like Gecko) Chrome\/135.0.0.0 Safari\/537.36",
        "access_time": "2025-04-26T10:17:00+02:00",
        "url": "\/stdcare\/logout.php",
        "method": "GET",
        "status_code": 200,
        "referrer": "http:\/\/localhost\/stdcare\/student\/std_behavior.php",
        "action_type": "logout",
        "session_id": "o7e699hac5hg3kc9enuut1tmrv",
        "message": "Logout successful"
    },
    {
        "user_id": "26490",
        "ip_address": "::1",
        "user_agent": "Mozilla\/5.0 (Windows NT 10.0; Win64; x64) AppleWebKit\/537.36 (KHTML, like Gecko) Chrome\/135.0.0.0 Safari\/537.36",
        "access_time": "2025-04-26T11:28:38+02:00",
        "url": "\/stdcare\/logout.php",
        "method": "GET",
        "status_code": 200,
        "referrer": "http:\/\/localhost\/stdcare\/student\/index.php",
        "action_type": "logout",
        "session_id": "o7e699hac5hg3kc9enuut1tmrv",
        "message": "Logout successful"
    },
    {
        "user_id": "1052",
        "ip_address": "::1",
        "user_agent": "Mozilla\/5.0 (Windows NT 10.0; Win64; x64) AppleWebKit\/537.36 (KHTML, like Gecko) Chrome\/135.0.0.0 Safari\/537.36",
        "access_time": "2025-04-26T13:37:44+02:00",
        "url": "\/stdcare\/logout.php",
        "method": "GET",
        "status_code": 200,
        "referrer": "http:\/\/localhost\/stdcare\/teacher\/data_student.php",
        "action_type": "logout",
        "session_id": "k0aheq7032k1b59dubgeqd0iks",
        "message": "Logout successful"
    },
    {
        "user_id": "9999",
        "ip_address": "::1",
        "user_agent": "Mozilla\/5.0 (Windows NT 10.0; Win64; x64) AppleWebKit\/537.36 (KHTML, like Gecko) Chrome\/135.0.0.0 Safari\/537.36",
        "access_time": "2025-04-26T13:38:19+02:00",
        "url": "\/stdcare\/logout.php",
        "method": "GET",
        "status_code": 200,
        "referrer": "http:\/\/localhost\/stdcare\/teacher\/index.php",
        "action_type": "logout",
        "session_id": "k0aheq7032k1b59dubgeqd0iks",
        "message": "Logout successful"
    },
    {
        "user_id": "1052",
        "ip_address": "::1",
        "user_agent": "Mozilla\/5.0 (Windows NT 10.0; Win64; x64) AppleWebKit\/537.36 (KHTML, like Gecko) Chrome\/135.0.0.0 Safari\/537.36",
        "access_time": "2025-04-27T13:33:40+02:00",
        "url": "\/stdcare\/logout.php",
        "method": "GET",
        "status_code": 200,
        "referrer": "http:\/\/localhost\/stdcare\/admin\/index.php",
        "action_type": "logout",
        "session_id": "o7e699hac5hg3kc9enuut1tmrv",
        "message": "Logout successful"
    },
    {
        "user_id": "26479",
        "ip_address": "::1",
        "user_agent": "Mozilla\/5.0 (Windows NT 10.0; Win64; x64) AppleWebKit\/537.36 (KHTML, like Gecko) Chrome\/135.0.0.0 Safari\/537.36",
        "access_time": "2025-04-27T13:34:56+02:00",
        "url": "\/stdcare\/logout.php",
        "method": "GET",
        "status_code": 200,
        "referrer": "http:\/\/localhost\/stdcare\/student\/std_sdq.php",
        "action_type": "logout",
        "session_id": "o7e699hac5hg3kc9enuut1tmrv",
        "message": "Logout successful"
    },
    {
        "user_id": "1052",
        "ip_address": "::1",
        "user_agent": "Mozilla\/5.0 (Windows NT 10.0; Win64; x64) AppleWebKit\/537.36 (KHTML, like Gecko) Chrome\/135.0.0.0 Safari\/537.36",
        "access_time": "2025-04-27T16:40:20+02:00",
        "url": "\/stdcare\/logout.php",
        "method": "GET",
        "status_code": 200,
        "referrer": "http:\/\/localhost\/stdcare\/officer\/index.php",
        "action_type": "logout",
        "session_id": "o7e699hac5hg3kc9enuut1tmrv",
        "message": "Logout successful"
    },
    {
        "user_id": "1052",
        "ip_address": "::1",
        "user_agent": "Mozilla\/5.0 (Windows NT 10.0; Win64; x64) AppleWebKit\/537.36 (KHTML, like Gecko) Chrome\/135.0.0.0 Safari\/537.36",
        "access_time": "2025-04-27T17:01:51+02:00",
        "url": "\/stdcare\/logout.php",
        "method": "GET",
        "status_code": 200,
        "referrer": "http:\/\/localhost\/stdcare\/officer\/report.php?tab=parent-leader",
        "action_type": "logout",
        "session_id": "o7e699hac5hg3kc9enuut1tmrv",
        "message": "Logout successful"
    },
    {
        "user_id": "1052",
        "ip_address": "::1",
        "user_agent": "Mozilla\/5.0 (Windows NT 10.0; Win64; x64) AppleWebKit\/537.36 (KHTML, like Gecko) Chrome\/135.0.0.0 Safari\/537.36",
        "access_time": "2025-04-27T17:04:30+02:00",
        "url": "\/stdcare\/logout.php",
        "method": "GET",
        "status_code": 200,
        "referrer": "http:\/\/localhost\/stdcare\/teacher\/index.php",
        "action_type": "logout",
        "session_id": "o7e699hac5hg3kc9enuut1tmrv",
        "message": "Logout successful"
    },
    {
        "user_id": "1052",
        "ip_address": "::1",
        "user_agent": "Mozilla\/5.0 (Windows NT 10.0; Win64; x64) AppleWebKit\/537.36 (KHTML, like Gecko) Chrome\/135.0.0.0 Safari\/537.36",
        "access_time": "2025-04-27T17:06:17+02:00",
        "url": "\/stdcare\/logout.php",
        "method": "GET",
        "status_code": 200,
        "referrer": "http:\/\/localhost\/stdcare\/teacher\/index.php",
        "action_type": "logout",
        "session_id": "o7e699hac5hg3kc9enuut1tmrv",
        "message": "Logout successful"
    },
    {
        "user_id": "1052",
        "ip_address": "::1",
        "user_agent": "Mozilla\/5.0 (Windows NT 10.0; Win64; x64) AppleWebKit\/537.36 (KHTML, like Gecko) Chrome\/135.0.0.0 Safari\/537.36",
        "access_time": "2025-04-27T17:29:07+02:00",
        "url": "\/stdcare\/logout.php",
        "method": "GET",
        "status_code": 200,
        "referrer": "http:\/\/localhost\/stdcare\/director\/statistics.php",
        "action_type": "logout",
        "session_id": "o7e699hac5hg3kc9enuut1tmrv",
        "message": "Logout successful"
    }
]